fecha;dia;hora;grados;cantidad
20120102;7;1;23;3
20120102;8;1;24;78
20120102;9;1;25;78
20120102;10;1;26;71
20120102;11;1;28;60
20120102;12;1;29;60
20120102;13;1;31;73
20120102;14;1;32;88
20120102;15;1;33;110
20120102;16;1;33;104
20120102;17;1;32;160
20120102;18;1;32;218
20120102;19;1;31;48
20120103;7;2;20;3
20120103;8;2;21;180
20120103;9;2;23;156
20120103;10;2;24;142
20120103;11;2;25;155
20120103;12;2;27;169
20120103;13;2;27;151
20120103;14;2;27;166
20120103;15;2;27;147
20120103;16;2;25;179
20120103;17;2;25;193
20120103;18;2;25;293
20120103;19;2;24;66
20120104;7;3;22;8
20120104;8;3;23;165
20120104;9;3;24;168
20120104;10;3;25;129
20120104;11;3;25;145
20120104;12;3;25;142
20120104;13;3;26;150
20120104;14;3;27;180
20120104;15;3;28;170
20120104;16;3;28;199
20120104;17;3;28;256
20120104;18;3;28;289
20120104;19;3;28;69
20120104;20;3;27;1
20120105;7;4;25;9
20120105;8;4;25;182
20120105;9;4;26;157
20120105;10;4;27;127
20120105;11;4;29;135
20120105;12;4;30;132
20120105;13;4;31;144
20120105;14;4;31;160
20120105;15;4;32;166
20120105;16;4;32;199
20120105;17;4;32;208
20120105;18;4;32;294
20120105;19;4;32;79
20120106;7;5;27;12
20120106;8;5;29;166
20120106;9;5;30;151
20120106;10;5;32;144
20120106;11;5;32;103
20120106;12;5;33;142
20120106;13;5;34;124
20120106;14;5;35;131
20120106;15;5;36;168
20120106;16;5;31;164
20120106;17;5;29;196
20120106;18;5;28;253
20120106;19;5;27;43
20120107;8;6;23;3
20120107;9;6;24;70
20120107;10;6;25;104
20120107;11;6;25;106
20120107;12;6;25;113
20120107;13;6;26;100
20120107;14;6;27;30
20120109;7;1;26;7
20120109;8;1;27;118
20120109;9;1;27;142
20120109;10;1;29;98
20120109;11;1;30;117
20120109;12;1;31;126
20120109;13;1;33;114
20120109;14;1;33;106
20120109;15;1;34;101
20120109;16;1;34;129
20120109;17;1;35;196
20120109;18;1;34;266
20120109;19;1;34;63
20120110;7;2;28;8
20120110;8;2;29;166
20120110;9;2;30;159
20120110;10;2;31;107
20120110;11;2;32;99
20120110;12;2;33;88
20120110;13;2;34;99
20120110;14;2;33;114
20120110;15;2;32;143
20120110;16;2;30;141
20120110;17;2;29;200
20120110;18;2;28;236
20120110;19;2;28;75
20120111;7;3;24;3
20120111;8;3;24;74
20120111;9;3;24;51
20120111;10;3;24;83
20120111;11;3;25;113
20120111;12;3;26;121
20120111;13;3;27;139
20120111;14;3;27;127
20120111;15;3;26;141
20120111;16;3;26;179
20120111;17;3;26;216
20120111;18;3;26;240
20120111;19;3;25;67
20120112;7;4;20;4
20120112;8;4;22;159
20120112;9;4;23;161
20120112;10;4;24;134
20120112;11;4;24;156
20120112;12;4;25;148
20120112;13;4;26;186
20120112;14;4;26;169
20120112;15;4;26;176
20120112;16;4;26;172
20120112;17;4;25;226
20120112;18;4;24;248
20120112;19;4;23;57
20120112;20;4;23;1
20120113;7;5;21;4
20120113;8;5;22;154
20120113;9;5;23;175
20120113;10;5;24;122
20120113;11;5;24;138
20120113;12;5;24;165
20120113;13;5;25;189
20120113;14;5;25;178
20120113;15;5;25;183
20120113;16;5;25;235
20120113;17;5;25;239
20120113;18;5;24;274
20120113;19;5;24;61
20120114;8;6;22;1
20120114;9;6;24;39
20120114;10;6;24;98
20120114;11;6;24;118
20120114;12;6;25;121
20120114;13;6;25;115
20120114;14;6;26;32
20120114;15;6;26;2
20120116;7;1;25;6
20120116;8;1;26;180
20120116;9;1;27;154
20120116;10;1;29;150
20120116;11;1;30;129
20120116;12;1;31;158
20120116;13;1;32;149
20120116;14;1;32;137
20120116;15;1;32;153
20120116;16;1;32;217
20120116;17;1;32;234
20120116;18;1;32;320
20120116;19;1;30;83
20120116;20;1;29;1
20120117;7;2;26;13
20120117;8;2;26;202
20120117;9;2;27;169
20120117;10;2;28;141
20120117;11;2;29;159
20120117;12;2;29;134
20120117;13;2;30;165
20120117;14;2;30;145
20120117;15;2;30;162
20120117;16;2;30;191
20120117;17;2;30;260
20120117;18;2;29;281
20120117;19;2;28;89
20120117;20;2;27;1
20120118;7;3;24;8
20120118;8;3;25;202
20120118;9;3;25;195
20120118;10;3;26;154
20120118;11;3;27;158
20120118;12;3;28;142
20120118;13;3;29;165
20120118;14;3;30;174
20120118;15;3;31;181
20120118;16;3;31;173
20120118;17;3;30;271
20120118;18;3;30;299
20120118;19;3;29;78
20120119;7;4;25;8
20120119;8;4;26;216
20120119;9;4;27;155
20120119;10;4;29;145
20120119;11;4;30;152
20120119;12;4;31;170
20120119;13;4;31;148
20120119;14;4;31;162
20120119;15;4;31;179
20120119;16;4;31;184
20120119;17;4;31;209
20120119;18;4;31;297
20120119;19;4;31;82
20120120;7;5;27;12
20120120;8;5;28;194
20120120;9;5;29;146
20120120;10;5;30;116
20120120;11;5;31;138
20120120;12;5;32;133
20120120;13;5;33;172
20120120;14;5;34;128
20120120;15;5;33;152
20120120;16;5;33;155
20120120;17;5;32;214
20120120;18;5;31;245
20120120;19;5;30;71
20120120;20;5;29;1
20120121;8;6;28;5
20120121;9;6;28;56
20120121;10;6;28;91
20120121;11;6;29;87
20120121;12;6;30;118
20120121;13;6;30;95
20120121;14;6;31;25
20120123;7;1;24;8
20120123;8;1;25;172
20120123;9;1;26;162
20120123;10;1;27;96
20120123;11;1;28;119
20120123;12;1;28;119
20120123;13;1;28;153
20120123;14;1;28;163
20120123;15;1;28;141
20120123;16;1;28;168
20120123;17;1;28;271
20120123;18;1;27;324
20120123;19;1;26;77
20120124;7;2;22;6
20120124;8;2;23;162
20120124;9;2;24;157
20120124;10;2;25;153
20120124;11;2;25;156
20120124;12;2;25;145
20120124;13;2;26;165
20120124;14;2;28;150
20120124;15;2;28;190
20120124;16;2;27;208
20120124;17;2;27;277
20120124;18;2;27;321
20120124;19;2;27;86
20120124;20;2;23;1
20120125;7;3;18;11
20120125;8;3;18;199
20120125;9;3;20;177
20120125;10;3;21;171
20120125;11;3;22;150
20120125;12;3;22;167
20120125;13;3;23;173
20120125;14;3;23;158
20120125;15;3;24;175
20120125;16;3;24;178
20120125;17;3;23;274
20120125;18;3;23;287
20120125;19;3;22;65
20120125;20;3;22;4
20120126;7;4;22;10
20120126;8;4;23;204
20120126;9;4;24;177
20120126;10;4;23;170
20120126;11;4;24;172
20120126;12;4;25;164
20120126;13;4;24;201
20120126;14;4;25;202
20120126;15;4;25;202
20120126;16;4;25;230
20120126;17;4;25;309
20120126;18;4;25;329
20120126;19;4;24;115
20120126;20;4;24;1
20120127;7;5;23;4
20120127;8;5;23;187
20120127;9;5;24;175
20120127;10;5;25;155
20120127;11;5;26;161
20120127;12;5;26;164
20120127;13;5;27;204
20120127;14;5;27;143
20120127;15;5;26;197
20120127;16;5;26;208
20120127;17;5;26;232
20120127;18;5;26;322
20120127;19;5;26;74
20120128;8;6;25;3
20120128;9;6;26;56
20120128;10;6;26;130
20120128;11;6;27;156
20120128;12;6;27;138
20120128;13;6;28;64
20120128;14;6;28;29
20120128;15;6;27;2
20120130;7;1;26;11
20120130;8;1;25;153
20120130;9;1;25;135
20120130;10;1;24;116
20120130;11;1;25;116
20120130;12;1;25;47
20120130;13;1;23;101
20120130;14;1;25;151
20120130;15;1;27;143
20120130;16;1;27;148
20120130;17;1;26;131
20120130;18;1;25;226
20120130;19;1;28;76
20120130;20;1;27;3
20120131;7;2;24;11
20120131;8;2;24;172
20120131;9;2;23;179
20120131;10;2;24;136
20120131;11;2;25;112
20120131;12;2;26;118
20120131;13;2;26;165
20120131;14;2;27;169
20120131;15;2;27;199
20120131;16;2;29;204
20120131;17;2;30;254
20120131;18;2;29;338
20120131;19;2;29;91
20120201;7;3;25;17
20120201;8;3;26;238
20120201;9;3;27;203
20120201;10;3;29;159
20120201;11;3;30;201
20120201;12;3;31;197
20120201;13;3;31;206
20120201;14;3;27;175
20120201;15;3;28;185
20120201;16;3;28;236
20120201;17;3;28;244
20120201;18;3;27;212
20120201;19;3;24;5
20120202;7;4;25;10
20120202;8;4;25;226
20120202;9;4;27;188
20120202;10;4;27;156
20120202;11;4;27;192
20120202;12;4;27;179
20120202;13;4;28;227
20120202;14;4;28;220
20120202;15;4;26;238
20120202;16;4;26;262
20120202;17;4;25;313
20120202;18;4;25;384
20120202;19;4;24;70
20120202;20;4;22;2
20120203;7;5;25;10
20120203;8;5;25;223
20120203;9;5;26;187
20120203;10;5;26;142
20120203;11;5;26;114
20120203;12;5;27;196
20120203;13;5;27;210
20120203;14;5;27;200
20120203;15;5;27;203
20120203;16;5;26;243
20120203;17;5;26;281
20120203;18;5;26;295
20120203;19;5;27;101
20120203;20;5;27;1
20120204;8;6;26;2
20120204;9;6;27;77
20120204;10;6;28;114
20120204;11;6;28;143
20120204;12;6;29;131
20120204;13;6;29;114
20120204;14;6;29;31
20120204;15;6;29;1
20120206;7;1;25;6
20120206;8;1;26;216
20120206;9;1;28;197
20120206;10;1;29;171
20120206;11;1;28;168
20120206;12;1;29;152
20120206;13;1;29;180
20120206;14;1;30;190
20120206;15;1;31;197
20120206;16;1;31;221
20120206;17;1;31;290
20120206;18;1;31;327
20120206;19;1;31;95
20120207;7;2;27;8
20120207;8;2;27;192
20120207;9;2;29;220
20120207;10;2;30;136
20120207;11;2;30;158
20120207;12;2;31;185
20120207;13;2;31;181
20120207;14;2;32;165
20120207;15;2;31;166
20120207;16;2;32;203
20120207;17;2;31;254
20120207;18;2;31;270
20120207;19;2;30;50
20120208;7;3;24;8
20120208;8;3;24;186
20120208;9;3;25;199
20120208;10;3;25;156
20120208;11;3;26;183
20120208;12;3;27;161
20120208;13;3;27;179
20120208;14;3;28;191
20120208;15;3;28;205
20120208;16;3;29;229
20120208;17;3;30;271
20120208;18;3;30;315
20120208;19;3;30;93
20120208;20;3;27;1
20120209;7;4;20;6
20120209;8;4;20;250
20120209;9;4;22;189
20120209;10;4;23;178
20120209;11;4;24;207
20120209;12;4;26;204
20120209;13;4;27;239
20120209;14;4;27;213
20120209;15;4;26;197
20120209;16;4;26;243
20120209;17;4;25;325
20120209;18;4;25;352
20120209;19;4;25;118
20120209;20;4;24;1
20120210;7;5;18;7
20120210;8;5;19;238
20120210;9;5;22;195
20120210;10;5;24;183
20120210;11;5;24;172
20120210;12;5;25;221
20120210;13;5;26;203
20120210;14;5;26;196
20120210;15;5;27;232
20120210;16;5;27;273
20120210;17;5;27;348
20120210;18;5;25;344
20120210;19;5;25;87
20120211;8;6;21;1
20120211;9;6;23;84
20120211;10;6;25;152
20120211;11;6;26;170
20120211;12;6;27;146
20120211;13;6;28;136
20120211;14;6;28;29
20120213;7;1;25;16
20120213;8;1;27;220
20120213;9;1;29;173
20120213;10;1;29;156
20120213;11;1;30;172
20120213;12;1;31;175
20120213;13;1;31;196
20120213;14;1;31;184
20120213;15;1;32;200
20120213;16;1;32;212
20120213;17;1;32;371
20120213;18;1;32;422
20120213;19;1;31;103
20120213;20;1;29;1
20120214;7;2;26;15
20120214;8;2;26;235
20120214;9;2;28;233
20120214;10;2;29;164
20120214;11;2;31;184
20120214;12;2;32;189
20120214;13;2;33;210
20120214;14;2;33;227
20120214;15;2;33;200
20120214;16;2;33;231
20120214;17;2;33;301
20120214;18;2;33;367
20120214;19;2;32;111
20120214;20;2;30;1
20120215;7;3;27;14
20120215;8;3;28;211
20120215;9;3;30;159
20120215;10;3;29;163
20120215;11;3;30;166
20120215;12;3;32;181
20120215;13;3;34;184
20120215;14;3;34;177
20120215;15;3;35;179
20120215;16;3;35;205
20120215;17;3;35;236
20120215;18;3;34;317
20120215;19;3;33;100
20120215;20;3;31;1
20120216;7;4;28;2
20120216;8;4;29;182
20120216;9;4;30;182
20120216;10;4;30;155
20120216;11;4;31;160
20120216;12;4;32;179
20120216;13;4;33;158
20120216;14;4;32;178
20120216;15;4;33;178
20120216;16;4;31;221
20120216;17;4;30;249
20120216;18;4;27;218
20120216;19;4;26;8
20120216;20;4;22;1
20120217;7;5;26;7
20120217;8;5;26;200
20120217;9;5;27;167
20120217;10;5;28;138
20120217;11;5;29;168
20120217;12;5;30;206
20120217;13;5;30;200
20120217;14;5;30;199
20120217;15;5;30;220
20120217;16;5;29;238
20120217;17;5;28;241
20120217;18;5;27;259
20120217;19;5;26;72
20120217;20;5;26;1
20120218;8;6;28;4
20120218;9;6;29;62
20120218;10;6;31;98
20120218;11;6;33;133
20120218;12;6;34;112
20120218;13;6;34;98
20120218;14;6;34;4
20120222;7;3;17;9
20120222;8;3;19;210
20120222;9;3;20;162
20120222;10;3;21;150
20120222;11;3;22;155
20120222;12;3;23;183
20120222;13;3;24;206
20120222;14;3;25;197
20120222;15;3;26;208
20120222;16;3;27;227
20120222;17;3;27;295
20120222;18;3;27;345
20120222;19;3;26;91
20120223;7;4;17;8
20120223;8;4;17;220
20120223;9;4;18;191
20120223;10;4;19;168
20120223;11;4;21;192
20120223;12;4;22;216
20120223;13;4;22;231
20120223;14;4;24;205
20120223;15;4;25;213
20120223;16;4;25;248
20120223;17;4;25;332
20120223;18;4;25;347
20120223;19;4;25;98
20120223;20;4;24;1
20120224;7;5;21;12
20120224;8;5;22;213
20120224;9;5;23;178
20120224;10;5;24;175
20120224;11;5;25;184
20120224;12;5;26;205
20120224;13;5;26;203
20120224;14;5;26;223
20120224;15;5;26;228
20120224;16;5;26;224
20120224;17;5;26;260
20120224;18;5;25;290
20120224;19;5;24;64
20120225;8;6;22;3
20120225;9;6;22;51
20120225;10;6;24;75
20120225;11;6;24;128
20120225;12;6;25;146
20120225;13;6;26;153
20120225;14;6;27;24
20120225;15;6;28;1
20120228;7;2;20;1
20120228;8;2;20;14
20120228;9;2;21;35
20120228;10;2;21;67
20120228;11;2;21;104
20120228;12;2;22;119
20120228;13;2;22;164
20120228;14;2;21;154
20120228;15;2;22;164
20120228;16;2;22;184
20120228;17;2;22;233
20120228;18;2;22;264
20120228;19;2;22;67
20120229;7;3;24;4
20120229;8;3;24;143
20120229;9;3;24;164
20120229;10;3;24;163
20120229;11;3;23;172
20120229;12;3;23;200
20120229;13;3;23;254
20120229;14;3;23;230
20120229;15;3;21;206
20120229;16;3;19;238
20120229;17;3;18;270
20120229;18;3;18;205
20120229;19;3;18;61
20120229;20;3;18;2
20120301;7;4;25;1
20120301;8;4;25;68
20120301;9;4;24;205
20120301;10;4;24;213
20120301;11;4;23;193
20120301;12;4;23;255
20120301;13;4;23;311
20120301;14;4;22;272
20120301;15;4;22;293
20120301;16;4;21;302
20120301;17;4;21;233
20120301;18;4;21;228
20120301;19;4;22;75
20120302;7;5;26;11
20120302;8;5;26;190
20120302;9;5;24;224
20120302;10;5;26;170
20120302;11;5;26;188
20120302;12;5;26;226
20120302;13;5;26;236
20120302;14;5;26;256
20120302;15;5;26;298
20120302;16;5;26;269
20120302;17;5;26;219
20120302;18;5;26;246
20120302;19;5;26;59
20120303;8;6;24;4
20120303;9;6;25;43
20120303;10;6;27;97
20120303;11;6;27;148
20120303;12;6;28;157
20120303;13;6;28;161
20120303;14;6;29;48
20120305;7;1;25;14
20120305;8;1;26;230
20120305;9;1;26;181
20120305;10;1;28;120
20120305;11;1;29;157
20120305;12;1;28;198
20120305;13;1;28;191
20120305;14;1;27;191
20120305;15;1;24;143
20120305;16;1;23;30
20120305;17;1;21;103
20120305;18;1;21;45
20120305;19;1;21;5
20120306;7;2;22;14
20120306;8;2;22;203
20120306;9;2;24;176
20120306;10;2;25;141
20120306;11;2;26;173
20120306;12;2;26;227
20120306;13;2;27;231
20120306;14;2;27;207
20120306;15;2;27;200
20120306;16;2;27;240
20120306;17;2;27;347
20120306;18;2;26;274
20120306;19;2;26;66
20120307;7;3;23;13
20120307;8;3;23;221
20120307;9;3;25;237
20120307;10;3;27;187
20120307;11;3;28;189
20120307;12;3;27;210
20120307;13;3;28;282
20120307;14;3;28;259
20120307;15;3;29;262
20120307;16;3;29;274
20120307;17;3;29;305
20120307;18;3;28;233
20120307;19;3;28;73
20120308;7;4;25;12
20120308;8;4;25;229
20120308;9;4;26;202
20120308;10;4;27;162
20120308;11;4;27;192
20120308;12;4;27;235
20120308;13;4;27;252
20120308;14;4;28;238
20120308;15;4;28;226
20120308;16;4;27;256
20120308;17;4;26;337
20120308;18;4;26;282
20120308;19;4;25;90
20120308;20;4;25;2
20120309;7;5;22;13
20120309;8;5;23;189
20120309;9;5;24;178
20120309;10;5;25;183
20120309;11;5;25;213
20120309;12;5;26;253
20120309;13;5;26;255
20120309;14;5;27;289
20120309;15;5;27;256
20120309;16;5;27;314
20120309;17;5;28;304
20120309;18;5;27;246
20120309;19;5;27;78
20120309;22;5;26;1
20120310;8;6;22;2
20120310;9;6;23;44
20120310;10;6;24;85
20120310;11;6;24;129
20120310;12;6;26;142
20120310;13;6;27;121
20120310;14;6;29;28
20120312;7;1;22;22
20120312;8;1;22;71
20120312;9;1;20;15
20120312;10;1;20;32
20120312;11;1;21;55
20120312;12;1;22;36
20120312;13;1;22;84
20120312;14;1;24;145
20120312;15;1;25;176
20120312;16;1;25;74
20120312;17;1;24;142
20120312;18;1;24;137
20120312;19;1;24;21
20120313;7;2;21;1
20120313;8;2;20;147
20120313;9;2;20;162
20120313;10;2;21;155
20120313;11;2;22;176
20120313;12;2;24;222
20120313;13;2;26;227
20120313;14;2;27;241
20120313;15;2;28;197
20120313;16;2;28;247
20120313;17;2;28;373
20120313;18;2;28;293
20120313;19;2;27;85
20120314;7;3;19;8
20120314;8;3;19;232
20120314;9;3;21;241
20120314;10;3;22;188
20120314;11;3;23;211
20120314;12;3;22;224
20120314;13;3;23;292
20120314;14;3;23;242
20120314;15;3;24;269
20120314;16;3;23;322
20120314;17;3;23;322
20120314;18;3;23;316
20120314;19;3;22;89
20120315;7;4;16;14
20120315;8;4;16;234
20120315;9;4;18;200
20120315;10;4;19;173
20120315;11;4;20;206
20120315;12;4;21;241
20120315;13;4;21;222
20120315;14;4;22;257
20120315;15;4;23;263
20120315;16;4;23;222
20120315;17;4;23;290
20120315;18;4;22;251
20120315;19;4;22;99
20120316;7;5;19;14
20120316;8;5;20;219
20120316;9;5;21;243
20120316;10;5;22;216
20120316;11;5;23;205
20120316;12;5;23;238
20120316;13;5;24;240
20120316;14;5;24;263
20120316;15;5;25;268
20120316;16;5;25;272
20120316;17;5;25;286
20120316;18;5;25;279
20120316;19;5;24;76
20120316;20;5;24;4
20120317;8;6;22;3
20120317;9;6;22;56
20120317;10;6;23;126
20120317;11;6;24;132
20120317;12;6;24;157
20120317;13;6;25;141
20120317;14;6;25;33
20120319;7;1;24;20
20120319;8;1;25;226
20120319;9;1;26;226
20120319;10;1;26;186
20120319;11;1;27;220
20120319;12;1;28;219
20120319;13;1;29;243
20120319;14;1;29;192
20120319;15;1;29;168
20120319;16;1;28;241
20120319;17;1;27;197
20120319;18;1;25;26
20120319;19;1;22;4
20120320;7;2;20;13
20120320;8;2;20;209
20120320;9;2;21;133
20120320;10;2;21;59
20120320;11;2;21;82
20120320;12;2;22;144
20120320;13;2;22;215
20120320;14;2;23;218
20120320;15;2;23;239
20120320;16;2;23;262
20120320;17;2;23;267
20120320;18;2;23;303
20120320;19;2;23;62
20120321;7;3;19;11
20120321;8;3;19;237
20120321;9;3;20;211
20120321;10;3;21;181
20120321;11;3;22;181
20120321;12;3;22;216
20120321;13;3;22;269
20120321;14;3;23;250
20120321;15;3;23;269
20120321;16;3;23;263
20120321;17;3;23;314
20120321;18;3;22;303
20120321;19;3;22;61
20120322;7;4;17;12
20120322;8;4;17;274
20120322;9;4;17;201
20120322;10;4;18;202
20120322;11;4;18;227
20120322;12;4;19;235
20120322;13;4;20;298
20120322;14;4;20;260
20120322;15;4;20;268
20120322;16;4;20;230
20120322;17;4;20;294
20120322;18;4;19;303
20120322;19;4;19;65
20120323;7;5;12;19
20120323;8;5;13;231
20120323;9;5;14;215
20120323;10;5;16;184
20120323;11;5;17;243
20120323;12;5;18;229
20120323;13;5;19;285
20120323;14;5;20;283
20120323;15;5;20;302
20120323;16;5;21;258
20120323;17;5;21;311
20120323;18;5;21;270
20120323;19;5;20;52
20120326;7;1;16;12
20120326;8;1;16;288
20120326;9;1;17;208
20120326;10;1;18;182
20120326;11;1;19;198
20120326;12;1;20;242
20120326;13;1;19;244
20120326;14;1;18;188
20120326;15;1;17;147
20120326;16;1;16;241
20120326;17;1;16;248
20120326;18;1;17;248
20120326;19;1;17;60
20120327;7;2;10;16
20120327;8;2;11;233
20120327;9;2;12;171
20120327;10;2;13;167
20120327;11;2;15;182
20120327;12;2;15;206
20120327;13;2;15;253
20120327;14;2;15;225
20120327;15;2;16;183
20120327;16;2;16;257
20120327;17;2;16;295
20120327;18;2;15;295
20120327;19;2;15;60
20120328;7;3;12;14
20120328;8;3;13;240
20120328;9;3;15;177
20120328;10;3;17;153
20120328;11;3;18;198
20120328;12;3;19;264
20120328;13;3;20;313
20120328;14;3;21;316
20120328;15;3;22;346
20120328;16;3;22;319
20120328;17;3;22;275
20120328;18;3;21;257
20120328;19;3;20;62
20120329;7;4;16;18
20120329;8;4;17;282
20120329;9;4;18;244
20120329;10;4;20;151
20120329;11;4;21;237
20120329;12;4;22;274
20120329;13;4;23;339
20120329;14;4;24;330
20120329;15;4;24;296
20120329;16;4;23;297
20120329;17;4;23;266
20120329;18;4;22;285
20120329;19;4;22;64
20120330;7;5;19;19
20120330;8;5;19;274
20120330;9;5;21;254
20120330;10;5;22;238
20120330;11;5;23;241
20120330;12;5;23;265
20120330;13;5;23;292
20120330;14;5;24;293
20120330;15;5;24;272
20120330;16;5;24;267
20120330;17;5;23;335
20120330;18;5;23;291
20120330;19;5;22;38
20120330;20;5;21;1
20120331;9;6;21;73
20120331;10;6;22;93
20120331;11;6;23;139
20120331;12;6;24;154
20120331;13;6;24;165
20120331;14;6;25;40
20120403;7;2;19;13
20120403;8;2;19;223
20120403;9;2;21;212
20120403;10;2;21;167
20120403;11;2;22;216
20120403;12;2;22;197
20120403;13;2;22;221
20120403;14;2;22;226
20120403;15;2;23;229
20120403;16;2;24;216
20120403;17;2;24;287
20120403;18;2;23;279
20120403;19;2;22;45
20120404;7;3;21;22
20120404;8;3;22;189
20120404;9;3;22;175
20120404;10;3;23;165
20120404;11;3;24;223
20120404;12;3;25;251
20120404;13;3;26;306
20120404;14;3;27;237
20120404;15;3;27;209
20120404;16;3;26;199
20120404;17;3;26;235
20120404;18;3;26;183
20120404;19;3;25;39
20120409;7;1;18;17
20120409;8;1;18;231
20120409;9;1;19;177
20120409;10;1;19;168
20120409;11;1;20;209
20120409;12;1;21;215
20120409;13;1;22;261
20120409;14;1;23;248
20120409;15;1;23;251
20120409;16;1;23;268
20120409;17;1;23;363
20120409;18;1;22;318
20120409;19;1;21;43
20120410;7;2;19;13
20120410;8;2;19;224
20120410;9;2;19;181
20120410;10;2;20;197
20120410;11;2;21;224
20120410;12;2;22;213
20120410;13;2;22;240
20120410;14;2;23;193
20120410;15;2;24;216
20120410;16;2;25;255
20120410;17;2;24;394
20120410;18;2;23;297
20120410;19;2;22;46
20120411;7;3;19;17
20120411;8;3;19;218
20120411;9;3;18;212
20120411;10;3;19;204
20120411;11;3;21;210
20120411;12;3;23;220
20120411;13;3;24;270
20120411;14;3;25;235
20120411;15;3;25;234
20120411;16;3;25;271
20120411;17;3;25;396
20120411;18;3;24;303
20120411;19;3;24;52
20120411;20;3;23;1
20120412;7;4;18;7
20120412;8;4;18;245
20120412;9;4;20;184
20120412;10;4;21;189
20120412;11;4;21;186
20120412;12;4;22;207
20120412;13;4;22;299
20120412;14;4;23;269
20120412;15;4;24;256
20120412;16;4;24;309
20120412;17;4;24;404
20120412;18;4;23;319
20120412;19;4;22;72
20120413;7;5;20;20
20120413;8;5;20;268
20120413;9;5;21;207
20120413;10;5;22;188
20120413;11;5;23;224
20120413;12;5;24;252
20120413;13;5;24;295
20120413;14;5;24;265
20120413;15;5;24;301
20120413;16;5;24;263
20120413;17;5;24;348
20120413;18;5;23;243
20120413;19;5;23;45
20120414;8;6;20;1
20120414;9;6;20;57
20120414;10;6;22;95
20120414;11;6;23;171
20120414;12;6;24;152
20120414;13;6;25;138
20120414;14;6;26;25
20120416;7;1;18;14
20120416;8;1;19;269
20120416;9;1;20;216
20120416;10;1;21;183
20120416;11;1;23;218
20120416;12;1;24;232
20120416;13;1;25;252
20120416;14;1;25;271
20120416;15;1;26;276
20120416;16;1;25;281
20120416;17;1;25;394
20120416;18;1;24;337
20120416;19;1;24;67
20120416;20;1;23;2
20120417;7;2;18;5
20120417;8;2;19;207
20120417;9;2;19;208
20120417;10;2;20;181
20120417;11;2;20;220
20120417;12;2;22;291
20120417;13;2;22;297
20120417;14;2;23;281
20120417;15;2;24;238
20120417;16;2;24;282
20120417;17;2;24;332
20120417;18;2;24;356
20120417;19;2;24;46
20120418;7;3;18;20
20120418;8;3;19;252
20120418;9;3;21;237
20120418;10;3;22;210
20120418;11;3;23;245
20120418;12;3;24;264
20120418;13;3;24;286
20120418;14;3;24;308
20120418;15;3;25;299
20120418;16;3;24;269
20120418;17;3;24;379
20120418;18;3;23;283
20120418;19;3;22;54
20120419;7;4;17;24
20120419;8;4;19;250
20120419;9;4;21;257
20120419;10;4;22;203
20120419;11;4;23;241
20120419;12;4;24;272
20120419;13;4;26;320
20120419;14;4;26;275
20120419;15;4;27;273
20120419;16;4;26;275
20120419;17;4;26;376
20120419;18;4;25;364
20120419;19;4;24;54
20120420;7;5;19;16
20120420;8;5;20;257
20120420;9;5;21;246
20120420;10;5;22;224
20120420;11;5;23;246
20120420;12;5;25;289
20120420;13;5;26;313
20120420;14;5;26;290
20120420;15;5;27;306
20120420;16;5;27;325
20120420;17;5;27;330
20120420;18;5;27;287
20120420;19;5;27;52
20120421;8;6;13;4
20120421;9;6;14;57
20120421;10;6;15;84
20120421;11;6;15;127
20120421;12;6;16;143
20120421;13;6;17;152
20120421;14;6;17;38
20120423;7;1;14;11
20120423;8;1;13;218
20120423;9;1;13;164
20120423;10;1;13;160
20120423;11;1;14;171
20120423;12;1;15;171
20120423;13;1;16;242
20120423;14;1;16;229
20120423;15;1;16;276
20120423;16;1;16;259
20120423;17;1;15;299
20120423;18;1;14;226
20120423;19;1;14;33
20120424;7;2;9;12
20120424;8;2;10;204
20120424;9;2;11;181
20120424;10;2;12;160
20120424;11;2;13;201
20120424;12;2;13;232
20120424;13;2;14;282
20120424;14;2;15;230
20120424;15;2;15;220
20120424;16;2;15;232
20120424;17;2;15;327
20120424;18;2;14;274
20120424;19;2;14;42
20120424;20;2;14;1
20120425;7;3;10;2
20120425;8;3;10;105
20120425;9;3;11;132
20120425;10;3;12;163
20120425;11;3;13;149
20120425;12;3;13;199
20120425;13;3;14;223
20120425;14;3;14;225
20120425;15;3;14;210
20120425;16;3;14;198
20120425;17;3;14;220
20120425;18;3;14;227
20120425;19;3;14;54
20120426;7;4;12;9
20120426;8;4;12;194
20120426;9;4;12;167
20120426;10;4;11;157
20120426;11;4;12;255
20120426;12;4;13;293
20120426;13;4;14;328
20120426;14;4;15;261
20120426;15;4;15;261
20120426;16;4;16;246
20120426;17;4;15;308
20120426;18;4;15;220
20120426;19;4;14;37
20120427;7;5;8;9
20120427;8;5;8;194
20120427;9;5;9;160
20120427;10;5;11;154
20120427;11;5;13;168
20120427;12;5;14;218
20120427;13;5;15;257
20120427;14;5;15;210
20120427;15;5;15;234
20120427;16;5;15;230
20120427;17;5;15;273
20120427;18;5;15;193
20120427;19;5;15;57
20120428;9;6;11;7
20120428;10;6;11;8
20120428;11;6;11;1
20120428;12;6;11;15
20120428;13;6;12;15
20120428;14;6;12;4
20120502;7;3;14;11
20120502;8;3;14;180
20120502;9;3;15;187
20120502;10;3;16;140
20120502;11;3;17;156
20120502;12;3;18;181
20120502;13;3;19;250
20120502;14;3;20;189
20120502;15;3;20;232
20120502;16;3;21;230
20120502;17;3;20;302
20120502;18;3;20;266
20120502;19;3;20;45
20120503;7;4;15;13
20120503;8;4;16;247
20120503;9;4;16;196
20120503;10;4;18;181
20120503;11;4;19;222
20120503;12;4;20;264
20120503;13;4;20;275
20120503;14;4;21;256
20120503;15;4;22;248
20120503;16;4;22;292
20120503;17;4;22;344
20120503;18;4;22;307
20120503;19;4;21;60
20120504;7;5;17;11
20120504;8;5;17;208
20120504;9;5;18;225
20120504;10;5;20;197
20120504;11;5;21;214
20120504;12;5;22;248
20120504;13;5;22;310
20120504;14;5;22;248
20120504;15;5;23;286
20120504;16;5;23;274
20120504;17;5;23;317
20120504;18;5;22;266
20120504;19;5;22;51
20120505;8;6;17;3
20120505;9;6;19;43
20120505;10;6;21;76
20120505;11;6;22;141
20120505;12;6;23;156
20120505;13;6;23;183
20120505;14;6;23;35
20120507;7;1;18;12
20120507;8;1;18;242
20120507;9;1;18;175
20120507;10;1;19;162
20120507;11;1;20;194
20120507;12;1;21;223
20120507;13;1;22;234
20120507;14;1;23;245
20120507;15;1;23;229
20120507;16;1;23;245
20120507;17;1;23;348
20120507;18;1;23;293
20120507;19;1;22;54
20120508;7;2;19;14
20120508;8;2;19;282
20120508;9;2;20;230
20120508;10;2;20;195
20120508;11;2;20;221
20120508;12;2;21;239
20120508;13;2;21;283
20120508;14;2;20;261
20120508;15;2;20;269
20120508;16;2;21;289
20120508;17;2;20;379
20120508;18;2;19;260
20120508;19;2;18;42
20120509;7;3;20;3
20120509;8;3;17;122
20120509;9;3;17;180
20120509;10;3;18;172
20120509;11;3;19;195
20120509;12;3;20;225
20120509;13;3;21;259
20120509;14;3;22;252
20120509;15;3;23;213
20120509;16;3;23;271
20120509;17;3;22;351
20120509;18;3;22;274
20120509;19;3;22;64
20120510;8;4;16;36
20120510;9;4;16;108
20120510;10;4;16;145
20120510;11;4;17;194
20120510;12;4;18;226
20120510;13;4;20;254
20120510;14;4;20;226
20120510;15;4;20;289
20120510;16;4;21;256
20120510;17;4;20;309
20120510;18;4;19;125
20120510;19;4;17;42
20120511;7;5;14;9
20120511;8;5;14;219
20120511;9;5;15;227
20120511;10;5;16;182
20120511;11;5;17;208
20120511;12;5;19;253
20120511;13;5;19;269
20120511;14;5;19;266
20120511;15;5;18;225
20120511;16;5;18;248
20120511;17;5;17;328
20120511;18;5;16;250
20120511;19;5;15;50
20120512;8;6;8;2
20120512;9;6;9;38
20120512;10;6;10;70
20120512;11;6;12;95
20120512;12;6;13;124
20120512;13;6;15;119
20120512;14;6;15;20
20120514;7;1;14;13
20120514;8;1;14;164
20120514;9;1;15;157
20120514;10;1;15;153
20120514;11;1;17;216
20120514;12;1;18;211
20120514;13;1;19;219
20120514;14;1;21;240
20120514;15;1;21;262
20120514;16;1;20;245
20120514;17;1;20;303
20120514;18;1;19;258
20120514;19;1;18;56
20120515;7;2;15;12
20120515;8;2;15;264
20120515;9;2;16;185
20120515;10;2;17;169
20120515;11;2;18;190
20120515;12;2;19;225
20120515;13;2;20;240
20120515;14;2;20;225
20120515;15;2;20;244
20120515;16;2;20;273
20120515;17;2;20;329
20120515;18;2;19;281
20120515;19;2;18;59
20120516;7;3;15;7
20120516;8;3;15;226
20120516;9;3;16;218
20120516;10;3;17;208
20120516;11;3;17;224
20120516;12;3;18;294
20120516;13;3;19;356
20120516;14;3;20;307
20120516;15;3;20;309
20120516;16;3;21;324
20120516;17;3;21;476
20120516;18;3;20;269
20120516;19;3;20;62
20120517;7;4;16;30
20120517;8;4;16;418
20120517;9;4;17;262
20120517;10;4;17;187
20120517;11;4;18;240
20120517;12;4;19;301
20120517;13;4;20;335
20120517;14;4;21;351
20120517;15;4;22;347
20120517;16;4;22;396
20120517;17;4;22;453
20120517;18;4;21;214
20120517;19;4;21;67
20120517;20;4;21;1
20120518;7;5;18;14
20120518;8;5;18;211
20120518;9;5;18;208
20120518;10;5;17;118
20120518;11;5;16;122
20120518;12;5;15;41
20120518;13;5;15;55
20120518;14;5;15;77
20120518;15;5;15;50
20120518;16;5;15;53
20120518;17;5;15;70
20120518;18;5;16;126
20120518;19;5;15;32
20120519;8;6;14;1
20120519;9;6;14;31
20120519;10;6;14;48
20120519;11;6;14;73
20120519;12;6;15;104
20120519;13;6;16;82
20120519;14;6;16;16
20120521;7;1;15;2
20120521;8;1;15;44
20120521;9;1;15;49
20120521;10;1;15;76
20120521;11;1;16;87
20120521;12;1;16;45
20120521;13;1;16;92
20120521;14;1;16;92
20120521;15;1;16;103
20120521;16;1;17;115
20120521;17;1;16;138
20120521;18;1;16;141
20120521;19;1;15;33
20120522;7;2;14;5
20120522;8;2;14;129
20120522;9;2;15;157
20120522;10;2;15;133
20120522;11;2;15;162
20120522;12;2;16;202
20120522;13;2;16;226
20120522;14;2;16;135
20120522;15;2;17;106
20120522;16;2;17;60
20120522;17;2;17;76
20120522;18;2;17;139
20120522;19;2;17;30
20120523;7;3;15;4
20120523;8;3;15;101
20120523;9;3;15;121
20120523;10;3;15;91
20120523;11;3;15;115
20120523;12;3;15;154
20120523;13;3;16;117
20120523;14;3;17;146
20120523;15;3;17;181
20120523;16;3;17;135
20120523;17;3;16;199
20120523;18;3;16;185
20120523;19;3;17;41
20120523;20;3;16;1
20120524;7;4;14;11
20120524;8;4;14;198
20120524;9;4;14;181
20120524;10;4;14;177
20120524;11;4;15;227
20120524;12;4;16;226
20120524;13;4;17;259
20120524;14;4;18;278
20120524;15;4;18;273
20120524;16;4;18;244
20120524;17;4;17;290
20120524;18;4;17;272
20120524;19;4;17;49
20120526;8;6;16;1
20120526;9;6;16;20
20120526;10;6;16;47
20120526;11;6;17;85
20120526;12;6;16;67
20120526;13;6;16;66
20120526;14;6;16;15
20120526;15;6;16;1
20120528;7;1;18;15
20120528;8;1;18;203
20120528;9;1;18;157
20120528;10;1;18;139
20120528;11;1;19;159
20120528;12;1;20;211
20120528;13;1;21;255
20120528;14;1;20;240
20120528;15;1;21;216
20120528;16;1;21;265
20120528;17;1;21;307
20120528;18;1;21;292
20120528;19;1;21;50
20120529;7;2;19;17
20120529;8;2;19;239
20120529;9;2;19;208
20120529;10;2;20;195
20120529;11;2;20;251
20120529;12;2;22;250
20120529;13;2;23;325
20120529;14;2;23;312
20120529;15;2;23;264
20120529;16;2;23;272
20120529;17;2;22;312
20120529;18;2;21;253
20120529;19;2;20;41
20120529;20;2;19;1
20120530;7;3;12;16
20120530;8;3;12;229
20120530;9;3;12;207
20120530;10;3;13;155
20120530;11;3;15;204
20120530;12;3;16;239
20120530;13;3;16;247
20120530;14;3;17;284
20120530;15;3;18;273
20120530;16;3;18;306
20120530;17;3;18;315
20120530;18;3;18;298
20120530;19;3;17;56
20120530;20;3;17;1
20120531;7;4;11;15
20120531;8;4;11;220
20120531;9;4;11;191
20120531;10;4;12;188
20120531;11;4;15;198
20120531;12;4;16;230
20120531;13;4;17;288
20120531;14;4;17;241
20120531;15;4;17;220
20120531;16;4;17;262
20120531;17;4;16;284
20120531;18;4;16;246
20120531;19;4;16;54
20120601;7;5;12;18
20120601;8;5;13;255
20120601;9;5;14;187
20120601;10;5;14;197
20120601;11;5;15;202
20120601;12;5;16;228
20120601;13;5;16;259
20120601;14;5;17;253
20120601;15;5;18;243
20120601;16;5;18;273
20120601;17;5;18;373
20120601;18;5;18;216
20120601;19;5;18;48
20120602;8;6;15;2
20120602;9;6;15;37
20120602;10;6;16;94
20120602;11;6;17;118
20120602;12;6;18;154
20120602;13;6;20;156
20120602;14;6;21;26
20120604;7;1;8;9
20120604;8;1;8;195
20120604;9;1;8;172
20120604;10;1;9;125
20120604;11;1;9;148
20120604;12;1;10;152
20120604;13;1;10;193
20120604;14;1;10;164
20120604;15;1;10;177
20120604;16;1;11;175
20120604;17;1;11;245
20120604;18;1;11;236
20120604;19;1;10;33
20120605;7;2;7;11
20120605;8;2;7;166
20120605;9;2;7;169
20120605;10;2;8;165
20120605;11;2;10;184
20120605;12;2;10;215
20120605;13;2;11;265
20120605;14;2;12;228
20120605;15;2;13;220
20120605;16;2;13;227
20120605;17;2;13;260
20120605;18;2;13;241
20120605;19;2;12;48
20120606;7;3;4;4
20120606;8;3;3;54
20120606;9;3;4;98
20120606;10;3;4;117
20120606;11;3;5;158
20120606;12;3;6;131
20120606;13;3;6;131
20120606;14;3;6;129
20120606;15;3;6;111
20120606;16;3;6;134
20120606;17;3;7;172
20120606;18;3;7;138
20120606;19;3;6;23
20120607;7;4;3;5
20120607;8;4;3;105
20120607;9;4;3;118
20120607;10;4;5;120
20120607;11;4;6;149
20120607;12;4;8;138
20120607;13;4;9;206
20120607;14;4;10;194
20120607;15;4;10;161
20120607;16;4;10;210
20120607;17;4;10;194
20120607;18;4;10;201
20120607;19;4;9;38
20120608;7;5;6;4
20120608;8;5;5;128
20120608;9;5;6;127
20120608;10;5;7;128
20120608;11;5;9;154
20120608;12;5;10;186
20120608;13;5;11;204
20120608;14;5;12;160
20120608;15;5;13;201
20120608;16;5;13;197
20120608;17;5;13;225
20120608;18;5;12;171
20120608;19;5;12;40
20120609;9;6;8;19
20120609;10;6;9;65
20120609;11;6;10;60
20120609;13;6;12;56
20120609;14;6;13;25
20120611;7;1;9;2
20120611;8;1;10;156
20120611;9;1;11;144
20120611;10;1;12;127
20120611;11;1;13;150
20120611;12;1;15;171
20120611;13;1;16;211
20120611;14;1;16;203
20120611;15;1;16;196
20120611;16;1;15;203
20120611;17;1;15;243
20120611;18;1;15;220
20120611;19;1;14;38
20120612;7;2;13;13
20120612;8;2;13;169
20120612;9;2;14;133
20120612;10;2;14;139
20120612;11;2;14;161
20120612;12;2;15;162
20120612;13;2;15;180
20120612;14;2;15;182
20120612;15;2;16;180
20120612;16;2;15;192
20120612;17;2;15;213
20120612;18;2;15;225
20120612;19;2;15;43
20120613;7;3;16;12
20120613;8;3;17;187
20120613;9;3;17;173
20120613;10;3;18;151
20120613;11;3;19;162
20120613;12;3;19;201
20120613;13;3;21;189
20120613;14;3;21;178
20120613;15;3;22;184
20120613;16;3;23;210
20120613;17;3;23;260
20120613;18;3;23;271
20120613;19;3;22;53
20120614;7;4;16;13
20120614;8;4;15;198
20120614;9;4;15;201
20120614;10;4;16;173
20120614;11;4;18;202
20120614;12;4;18;205
20120614;13;4;19;281
20120614;14;4;20;283
20120614;15;4;19;226
20120614;16;4;20;273
20120614;17;4;19;331
20120614;18;4;17;263
20120614;19;4;16;44
20120615;7;5;13;2
20120615;8;5;13;77
20120615;9;5;12;51
20120615;10;5;12;74
20120615;11;5;13;72
20120615;12;5;13;122
20120615;13;5;14;141
20120615;14;5;14;103
20120615;15;5;14;100
20120615;16;5;13;98
20120615;17;5;13;119
20120615;18;5;13;148
20120615;19;5;13;38
20120616;8;6;6;2
20120616;9;6;6;25
20120616;10;6;7;39
20120616;11;6;8;74
20120616;12;6;9;100
20120616;13;6;10;89
20120616;14;6;10;20
20120618;7;1;8;4
20120618;8;1;8;123
20120618;9;1;8;121
20120618;10;1;9;90
20120618;11;1;9;127
20120618;12;1;10;149
20120618;13;1;11;174
20120618;14;1;12;179
20120618;15;1;12;174
20120618;16;1;12;167
20120618;17;1;12;212
20120618;18;1;11;232
20120618;19;1;11;41
20120619;7;2;8;8
20120619;8;2;8;170
20120619;9;2;8;175
20120619;10;2;8;162
20120619;11;2;9;156
20120619;12;2;10;191
20120619;13;2;11;240
20120619;14;2;13;239
20120619;15;2;14;204
20120619;16;2;14;137
20120619;17;2;14;257
20120619;18;2;13;236
20120619;19;2;12;56
20120621;7;4;12;8
20120621;8;4;12;183
20120621;9;4;12;161
20120621;10;4;12;162
20120621;11;4;13;152
20120621;12;4;14;225
20120621;13;4;16;234
20120621;14;4;17;205
20120621;15;4;17;220
20120621;16;4;17;270
20120621;17;4;16;297
20120621;18;4;15;237
20120621;19;4;15;44
20120622;7;5;9;12
20120622;8;5;9;182
20120622;9;5;10;168
20120622;10;5;11;158
20120622;11;5;13;198
20120622;12;5;16;235
20120622;13;5;18;246
20120622;14;5;18;228
20120622;15;5;19;256
20120622;16;5;19;268
20120622;17;5;19;296
20120622;18;5;18;252
20120622;19;5;17;45
20120623;8;6;11;2
20120623;9;6;11;29
20120623;10;6;12;71
20120623;11;6;14;124
20120623;12;6;15;125
20120623;13;6;17;136
20120623;14;6;18;30
20120625;7;1;7;10
20120625;8;1;6;156
20120625;9;1;7;150
20120625;10;1;8;163
20120625;11;1;10;134
20120625;12;1;12;183
20120625;13;1;12;218
20120625;14;1;12;190
20120625;15;1;13;196
20120625;16;1;13;195
20120625;17;1;13;232
20120625;18;1;12;240
20120625;19;1;12;44
20120626;7;2;10;3
20120626;8;2;10;177
20120705;11;4;9;157
20120705;12;4;10;172
20120705;13;4;10;242
20120705;14;4;11;175
20120705;15;4;11;221
20120705;16;4;11;169
20120705;17;4;11;227
20120705;18;4;11;229
20120705;19;4;10;52
20120706;8;5;7;123
20120706;9;5;7;156
20120706;10;5;7;125
20120706;11;5;8;143
20120706;12;5;9;157
20120706;13;5;10;212
20120706;14;5;11;200
20120706;15;5;11;201
20120706;16;5;11;188
20120706;17;5;11;195
20120706;18;5;11;183
20120706;19;5;11;51
20120707;9;6;7;14
20120707;10;6;8;50
20120707;11;6;10;61
20120707;12;6;11;101
20120707;13;6;12;87
20120707;14;6;12;43
20120710;7;2;10;2
20120710;8;2;10;116
20120710;9;2;10;120
20120710;10;2;10;137
20120710;11;2;10;124
20120710;12;2;10;149
20120710;13;2;11;170
20120710;14;2;11;62
20120710;15;2;9;115
20120710;16;2;10;142
20120710;17;2;10;177
20120710;18;2;10;185
20120710;19;2;10;45
20120710;20;2;9;1
20120711;7;3;6;2
20120711;8;3;5;121
20120711;9;3;6;128
20120711;10;3;6;121
20120711;11;3;8;126
20120711;12;3;8;129
20120711;13;3;10;171
20120711;14;3;11;149
20120711;15;3;11;143
20120711;16;3;12;150
20120711;17;3;12;181
20120711;18;3;12;191
20120711;19;3;11;47
20120712;7;4;7;1
20120712;8;4;7;120
20120712;9;4;7;124
20120712;10;4;7;107
20120712;11;4;8;135
20120712;12;4;9;173
20120712;13;4;10;206
20120712;14;4;11;182
20120712;15;4;12;174
20120712;16;4;12;145
20120712;17;4;13;188
20120712;18;4;13;194
20120712;19;4;13;46
20120713;8;5;10;128
20120713;9;5;10;123
20120713;10;5;11;127
20120713;11;5;12;163
20120713;12;5;13;172
20120713;13;5;14;180
20120713;14;5;16;194
20120713;15;5;16;178
20120713;16;5;16;189
20120713;17;5;16;193
20120713;18;5;15;193
20120713;19;5;15;47
20120714;8;6;5;1
20120714;9;6;5;14
20120714;10;6;6;42
20120714;11;6;7;77
20120714;12;6;9;103
20120714;13;6;10;106
20120714;14;6;10;30
20120716;7;1;7;2
20120716;8;1;7;113
20120716;9;1;7;114
20120716;10;1;7;105
20120716;11;1;8;109
20120716;12;1;8;124
20120716;13;1;9;161
20120716;14;1;8;158
20120716;15;1;9;160
20120716;16;1;9;154
20120716;17;1;8;186
20120716;18;1;8;163
20120716;19;1;9;38
20120717;7;2;8;2
20120717;8;2;8;107
20120717;9;2;8;117
20120717;10;2;8;137
20120717;11;2;9;119
20120717;12;2;12;150
20120717;13;2;13;169
